year,Australia,Fiji,French Polynesia,Kiribati,Marshall Islands,"Micronesia, Fed. Sts.",New Caledonia,New Zealand,Palau,Papua New Guinea,Samoa,Solomon Islands,Tonga,Tuvalu,Vanuatu
1990,17553.37684,1833.184364,14003.26486,670.2638547,2137.689731,1894.105464,13562.65255,11627.10652,,566.8707368,1191.78335,1101.247994,1493.743315,1128.077582,1327.356581
1995,18690.43658,1955.293857,13608.05196,661.54344,2581.130408,2189.552,13601.45546,12291.83756,6355.627,754.7246551,1204.352769,1403.803165,1785.210648,1278.696261,1358.46581
2000,21708.03726,2074.747318,14507.54146,812.2820768,2127.485462,2177.589076,12579.59511,13375.78052,6251.982057,654.6687817,1391.214354,1064.514687,1926.004579,1458.949625,1469.761787
2005,23929.1644,2308.158256,,785.373675,2368.148833,2196.247196,,15171.59429,6429.585897,626.3082483,1742.154491,975.6054302,2115.027069,1426.191345,1355.821723
2010,25190.83986,2218.146955,,713.5624963,2437.282445,2134.037162,,14629.2181,5756.810516,744.2105476,1769.565011,1143.787545,2069.226162,1559.983698,1522.38404
